Event_Key,Comp_Level,Key,Match_Number,Alliance,Station,View,Team,Coopertition,Score,OppFoulPts,Aamp,Aspkr,Atrap,AutoPts,Tamp,Tspkr,Tspkrpts,Ttrap,TotNotes,Unnamed: 20,Unnamed: 21,Unnamed: 22,Unnamed: 23,Unnamed: 24,Unnamed: 25,Unnamed: 26,Unnamed: 27,Unnamed: 28,Unnamed: 29,NotePts,StagePts
,,,,,,,,,,,,,,,,,,,,,,,,,,,,,,,
Event_Key,Comp_Level,Key,Match_Number,Alliance,Station,View,Team,Coopertition,Score,MelodyRP,EnsembleRP,OppFoulPts,Aamp,Aspkr,ANotePts,AutoPts,Tamp,Tspkra,Tspkrna,TspkraPts,TspkrnaPts,Tspkr,TspkrPts,TNotePts,TrapPts,Trap,TotNotes,NotePts,StagePts,,
2024isde1,qm,2024isde1_qm1,1,R,Red1S,S,frc4338,False,26,0,0,0,0,1,5,7,6,1,1,5,2,2,7,13,0,0,9,18,2,,
2024isde1,qm,2024isde1_qm1,1,R,Red2C,C,frc4320,False,26,0,0,0,0,1,5,7,6,1,1,5,2,2,7,13,0,0,9,18,2,,
2024isde1,qm,2024isde1_qm1,1,R,Red3A,A,frc5990,False,26,0,0,0,0,1,5,7,6,1,1,5,2,2,7,13,0,0,9,18,2,,
2024isde1,qm,2024isde1_qm10,10,R,Red1S,S,frc3211,True,35,0,0,10,0,0,0,6,1,0,7,0,14,7,14,15,0,0,8,15,5,,
2024isde1,qm,2024isde1_qm10,10,R,Red2C,C,frc9303,True,35,0,0,10,0,0,0,6,1,0,7,0,14,7,14,15,0,0,8,15,5,,
2024isde1,qm,2024isde1_qm10,10,R,Red3A,A,frc1574,True,35,0,0,10,0,0,0,6,1,0,7,0,14,7,14,15,0,0,8,15,5,,
2024isde1,qm,2024isde1_qm11,11,R,Red1S,S,frc9740,True,43,0,0,20,0,3,15,17,6,0,4,0,8,4,8,14,0,0,13,29,2,,
2024isde1,qm,2024isde1_qm11,11,R,Red2C,C,frc5654,True,43,0,0,20,0,3,15,17,6,0,4,0,8,4,8,14,0,0,13,29,2,,
2024isde1,qm,2024isde1_qm11,11,R,Red3A,A,frc4319,True,43,0,0,20,0,3,15,17,6,0,4,0,8,4,8,14,0,0,13,29,2,,
2024isde1,qm,2024isde1_qm12,12,R,Red1S,S,frc1576,True,41,1,1,5,0,0,0,4,6,1,8,5,16,9,21,27,0,0,15,27,10,,
2024isde1,qm,2024isde1_qm12,12,R,Red2C,C,frc2230,True,41,1,1,5,0,0,0,4,6,1,8,5,16,9,21,27,0,0,15,27,10,,
2024isde1,qm,2024isde1_qm12,12,R,Red3A,A,frc3339,True,41,1,1,5,0,0,0,4,6,1,8,5,16,9,21,27,0,0,15,27,10,,
2024isde1,qm,2024isde1_qm13,13,R,Red1S,S,frc2679,False,13,0,0,17,0,0,0,4,0,0,2,0,4,2,4,4,0,0,2,4,5,,
2024isde1,qm,2024isde1_qm13,13,R,Red2C,C,frc3211,False,13,0,0,17,0,0,0,4,0,0,2,0,4,2,4,4,0,0,2,4,5,,
2024isde1,qm,2024isde1_qm13,13,R,Red3A,A,frc3316,False,13,0,0,17,0,0,0,4,0,0,2,0,4,2,4,4,0,0,2,4,5,,
2024isde1,qm,2024isde1_qm14,14,R,Red1S,S,frc7177,True,81,1,1,5,0,7,35,39,8,1,6,5,12,7,17,25,5,1,22,60,12,,
2024isde1,qm,2024isde1_qm14,14,R,Red2C,C,frc5951,True,81,1,1,5,0,7,35,39,8,1,6,5,12,7,17,25,5,1,22,60,12,,
2024isde1,qm,2024isde1_qm14,14,R,Red3A,A,frc1690,True,81,1,1,5,0,7,35,39,8,1,6,5,12,7,17,25,5,1,22,60,12,,
2024isde1,qm,2024isde1_qm15,15,R,Red1S,S,frc4320,True,35,0,0,12,0,1,5,7,3,0,7,0,14,7,14,17,0,0,11,22,4,,
2024isde1,qm,2024isde1_qm15,15,R,Red2C,C,frc5654,True,35,0,0,12,0,1,5,7,3,0,7,0,14,7,14,17,0,0,11,22,4,,
2024isde1,qm,2024isde1_qm15,15,R,Red3A,A,frc3065,True,35,0,0,12,0,1,5,7,3,0,7,0,14,7,14,17,0,0,11,22,4,,
2024isde1,qm,2024isde1_qm16,16,R,Red1S,S,frc1942,False,37,0,0,10,0,0,0,4,2,1,11,5,22,12,27,29,0,0,14,29,4,,
2024isde1,qm,2024isde1_qm16,16,R,Red2C,C,frc7067,False,37,0,0,10,0,0,0,4,2,1,11,5,22,12,27,29,0,0,14,29,4,,
2024isde1,qm,2024isde1_qm16,16,R,Red3A,A,frc6230,False,37,0,0,10,0,0,0,4,2,1,11,5,22,12,27,29,0,0,14,29,4,,
2024isde1,qm,2024isde1_qm17,17,R,Red1S,S,frc2679,True,53,1,0,5,0,2,10,14,8,4,4,20,8,8,28,36,0,0,18,46,3,,
2024isde1,qm,2024isde1_qm17,17,R,Red2C,C,frc5951,True,53,1,0,5,0,2,10,14,8,4,4,20,8,8,28,36,0,0,18,46,3,,
2024isde1,qm,2024isde1_qm17,17,R,Red3A,A,frc9740,True,53,1,0,5,0,2,10,14,8,4,4,20,8,8,28,36,0,0,18,46,3,,
2024isde1,qm,2024isde1_qm18,18,R,Red1S,S,frc4320,True,68,1,0,7,0,5,25,31,3,1,10,5,20,11,25,28,0,0,19,53,9,,
2024isde1,qm,2024isde1_qm18,18,R,Red2C,C,frc3339,True,68,1,0,7,0,5,25,31,3,1,10,5,20,11,25,28,0,0,19,53,9,,
2024isde1,qm,2024isde1_qm18,18,R,Red3A,A,frc1942,True,68,1,0,7,0,5,25,31,3,1,10,5,20,11,25,28,0,0,19,53,9,,
2024isde1,qm,2024isde1_qm19,19,R,Red1S,S,frc4319,False,44,0,0,10,0,1,5,9,4,3,1,15,2,4,17,21,0,0,9,26,4,,
2024isde1,qm,2024isde1_qm19,19,R,Red2C,C,frc1577,False,44,0,0,10,0,1,5,9,4,3,1,15,2,4,17,21,0,0,9,26,4,,
2024isde1,qm,2024isde1_qm19,19,R,Red3A,A,frc6740,False,44,0,0,10,0,1,5,9,4,3,1,15,2,4,17,21,0,0,9,26,4,,
2024isde1,qm,2024isde1_qm2,2,R,Red1S,S,frc6230,False,24,0,0,19,0,0,0,2,6,2,3,10,6,5,16,22,0,0,11,22,0,,
2024isde1,qm,2024isde1_qm2,2,R,Red2C,C,frc6740,False,24,0,0,19,0,0,0,2,6,2,3,10,6,5,16,22,0,0,11,22,0,,
2024isde1,qm,2024isde1_qm2,2,R,Red3A,A,frc7177,False,24,0,0,19,0,0,0,2,6,2,3,10,6,5,16,22,0,0,11,22,0,,
2024isde1,qm,2024isde1_qm20,20,R,Red1S,S,frc2230,False,29,0,0,0,0,1,5,9,4,2,1,10,2,3,12,16,0,0,8,21,4,,
2024isde1,qm,2024isde1_qm20,20,R,Red2C,C,frc5135,False,29,0,0,0,0,1,5,9,4,2,1,10,2,3,12,16,0,0,8,21,4,,
2024isde1,qm,2024isde1_qm20,20,R,Red3A,A,frc5654,False,29,0,0,0,0,1,5,9,4,2,1,10,2,3,12,16,0,0,8,21,4,,
2024isde1,qm,2024isde1_qm21,21,R,Red1S,S,frc5715,False,55,1,0,0,0,2,10,12,8,4,4,20,8,8,28,36,0,0,18,46,5,,
2024isde1,qm,2024isde1_qm21,21,R,Red2C,C,frc5951,False,55,1,0,0,0,2,10,12,8,4,4,20,8,8,28,36,0,0,18,46,5,,
2024isde1,qm,2024isde1_qm21,21,R,Red3A,A,frc3211,False,55,1,0,0,0,2,10,12,8,4,4,20,8,8,28,36,0,0,18,46,5,,
2024isde1,qm,2024isde1_qm22,22,R,Red1S,S,frc3316,True,76,1,0,0,0,5,25,29,3,2,10,10,20,12,30,33,5,1,20,58,9,,
2024isde1,qm,2024isde1_qm22,22,R,Red2C,C,frc1690,True,76,1,0,0,0,5,25,29,3,2,10,10,20,12,30,33,5,1,20,58,9,,
2024isde1,qm,2024isde1_qm22,22,R,Red3A,A,frc5135,True,76,1,0,0,0,5,25,29,3,2,10,10,20,12,30,33,5,1,20,58,9,,
2024isde1,qm,2024isde1_qm23,23,R,Red1S,S,frc8175,True,43,1,0,5,0,1,5,9,7,4,3,20,6,7,26,33,0,0,15,38,1,,
2024isde1,qm,2024isde1_qm23,23,R,Red2C,C,frc5990,True,43,1,0,5,0,1,5,9,7,4,3,20,6,7,26,33,0,0,15,38,1,,
2024isde1,qm,2024isde1_qm23,23,R,Red3A,A,frc6740,True,43,1,0,5,0,1,5,9,7,4,3,20,6,7,26,33,0,0,15,38,1,,
2024isde1,qm,2024isde1_qm24,24,R,Red1S,S,frc1576,False,53,0,0,2,0,3,15,17,2,1,8,5,16,9,21,23,0,0,14,38,4,,
2024isde1,qm,2024isde1_qm24,24,R,Red2C,C,frc9738,False,53,0,0,2,0,3,15,17,2,1,8,5,16,9,21,23,0,0,14,38,4,,
2024isde1,qm,2024isde1_qm24,24,R,Red3A,A,frc5715,False,53,0,0,2,0,3,15,17,2,1,8,5,16,9,21,23,0,0,14,38,4,,
2024isde1,qm,2024isde1_qm25,25,R,Red1S,S,frc4338,False,19,0,0,2,0,1,5,7,0,0,4,0,8,4,8,8,0,0,5,13,4,,
2024isde1,qm,2024isde1_qm25,25,R,Red2C,C,frc3083,False,19,0,0,2,0,1,5,7,0,0,4,0,8,4,8,8,0,0,5,13,4,,
2024isde1,qm,2024isde1_qm25,25,R,Red3A,A,frc9303,False,19,0,0,2,0,1,5,7,0,0,4,0,8,4,8,8,0,0,5,13,4,,
2024isde1,qm,2024isde1_qm26,26,R,Red1S,S,frc3339,True,42,0,0,0,0,2,10,12,6,3,3,15,6,6,21,27,0,0,14,37,1,,
2024isde1,qm,2024isde1_qm26,26,R,Red2C,C,frc7177,True,42,0,0,0,0,2,10,12,6,3,3,15,6,6,21,27,0,0,14,37,1,,
2024isde1,qm,2024isde1_qm26,26,R,Red3A,A,frc3065,True,42,0,0,0,0,2,10,12,6,3,3,15,6,6,21,27,0,0,14,37,1,,
2024isde1,qm,2024isde1_qm27,27,R,Red1S,S,frc5135,True,60,1,0,0,1,1,7,9,2,2,14,10,28,16,38,40,0,0,20,47,1,,
2024isde1,qm,2024isde1_qm27,27,R,Red2C,C,frc1942,True,60,1,0,0,1,1,7,9,2,2,14,10,28,16,38,40,0,0,20,47,1,,
2024isde1,qm,2024isde1_qm27,27,R,Red3A,A,frc6738,True,60,1,0,0,1,1,7,9,2,2,14,10,28,16,38,40,0,0,20,47,1,,
2024isde1,qm,2024isde1_qm28,28,R,Red1S,S,frc2230,False,29,0,0,10,0,1,5,7,5,1,5,5,10,6,15,20,0,0,12,25,2,,
2024isde1,qm,2024isde1_qm28,28,R,Red2C,C,frc3065,False,29,0,0,10,0,1,5,7,5,1,5,5,10,6,15,20,0,0,12,25,2,,
2024isde1,qm,2024isde1_qm28,28,R,Red3A,A,frc9738,False,29,0,0,10,0,1,5,7,5,1,5,5,10,6,15,20,0,0,12,25,2,,
2024isde1,qm,2024isde1_qm29,29,R,Red1S,S,frc3083,False,40,0,0,20,0,2,10,14,0,0,9,0,18,9,18,18,0,0,11,28,3,,
2024isde1,qm,2024isde1_qm29,29,R,Red2C,C,frc5715,False,40,0,0,20,0,2,10,14,0,0,9,0,18,9,18,18,0,0,11,28,3,,
2024isde1,qm,2024isde1_qm29,29,R,Red3A,A,frc3316,False,40,0,0,20,0,2,10,14,0,0,9,0,18,9,18,18,0,0,11,28,3,,
2024isde1,qm,2024isde1_qm3,3,R,Red1S,S,frc5135,False,15,0,0,0,0,0,0,2,2,0,5,0,10,5,10,12,0,0,7,12,1,,
2024isde1,qm,2024isde1_qm3,3,R,Red2C,C,frc1574,False,15,0,0,0,0,0,0,2,2,0,5,0,10,5,10,12,0,0,7,12,1,,
2024isde1,qm,2024isde1_qm3,3,R,Red3A,A,frc9740,False,15,0,0,0,0,0,0,2,2,0,5,0,10,5,10,12,0,0,7,12,1,,
2024isde1,qm,2024isde1_qm30,30,R,Red1S,S,frc6740,True,68,1,0,4,0,4,20,24,7,4,5,20,10,9,30,37,0,0,20,57,2,,
2024isde1,qm,2024isde1_qm30,30,R,Red2C,C,frc1690,True,68,1,0,4,0,4,20,24,7,4,5,20,10,9,30,37,0,0,20,57,2,,
2024isde1,qm,2024isde1_qm30,30,R,Red3A,A,frc1580,True,68,1,0,4,0,4,20,24,7,4,5,20,10,9,30,37,0,0,20,57,2,,
2024isde1,qm,2024isde1_qm31,31,R,Red1S,S,frc5990,True,45,0,0,0,0,2,10,16,9,2,4,10,8,6,18,27,0,0,17,37,2,,
2024isde1,qm,2024isde1_qm31,31,R,Red2C,C,frc5951,True,45,0,0,0,0,2,10,16,9,2,4,10,8,6,18,27,0,0,17,37,2,,
2024isde1,qm,2024isde1_qm31,31,R,Red3A,A,frc7177,True,45,0,0,0,0,2,10,16,9,2,4,10,8,6,18,27,0,0,17,37,2,,
2024isde1,qm,2024isde1_qm32,32,R,Red1S,S,frc1690,True,83,1,0,5,0,8,40,46,7,4,3,20,6,7,26,33,0,0,22,73,2,,
2024isde1,qm,2024isde1_qm32,32,R,Red2C,C,frc3339,True,83,1,0,5,0,8,40,46,7,4,3,20,6,7,26,33,0,0,22,73,2,,
2024isde1,qm,2024isde1_qm32,32,R,Red3A,A,frc5715,True,83,1,0,5,0,8,40,46,7,4,3,20,6,7,26,33,0,0,22,73,2,,
2024isde1,qm,2024isde1_qm33,33,R,Red1S,S,frc2679,False,18,0,0,0,0,2,10,12,0,0,0,0,0,0,0,0,0,0,2,10,4,,
2024isde1,qm,2024isde1_qm33,33,R,Red2C,C,frc7177,False,18,0,0,0,0,2,10,12,0,0,0,0,0,0,0,0,0,0,2,10,4,,
2024isde1,qm,2024isde1_qm33,33,R,Red3A,A,frc3083,False,18,0,0,0,0,2,10,12,0,0,0,0,0,0,0,0,0,0,2,10,4,,
2024isde1,qm,2024isde1_qm34,34,R,Red1S,S,frc6738,False,44,0,0,0,0,4,20,22,0,0,7,0,14,7,14,14,0,0,11,34,3,,
2024isde1,qm,2024isde1_qm34,34,R,Red2C,C,frc1580,False,44,0,0,0,0,4,20,22,0,0,7,0,14,7,14,14,0,0,11,34,3,,
2024isde1,qm,2024isde1_qm34,34,R,Red3A,A,frc9303,False,44,0,0,0,0,4,20,22,0,0,7,0,14,7,14,14,0,0,11,34,3,,
2024isde1,qm,2024isde1_qm35,35,R,Red1S,S,frc6230,True,40,0,1,15,0,0,0,2,1,0,5,0,10,5,10,11,0,0,6,11,2,,
2024isde1,qm,2024isde1_qm35,35,R,Red2C,C,frc2630,True,40,0,1,15,0,0,0,2,1,0,5,0,10,5,10,11,0,0,6,11,2,,
2024isde1,qm,2024isde1_qm35,35,R,Red3A,A,frc5135,True,40,0,1,15,0,0,0,2,1,0,5,0,10,5,10,11,0,0,6,11,2,,
2024isde1,qm,2024isde1_qm36,36,R,Red1S,S,frc5990,False,32,0,0,5,0,1,5,9,2,1,2,5,4,3,9,11,10,2,6,16,12,,
2024isde1,qm,2024isde1_qm36,36,R,Red2C,C,frc4319,False,32,0,0,5,0,1,5,9,2,1,2,5,4,3,9,11,10,2,6,16,12,,
2024isde1,qm,2024isde1_qm36,36,R,Red3A,A,frc7067,False,32,0,0,5,0,1,5,9,2,1,2,5,4,3,9,11,10,2,6,16,12,,
2024isde1,qm,2024isde1_qm37,37,R,Red1S,S,frc8175,True,46,0,0,0,0,1,5,7,7,2,2,10,4,4,14,21,0,0,12,26,3,,
2024isde1,qm,2024isde1_qm37,37,R,Red2C,C,frc9303,True,46,0,0,0,0,1,5,7,7,2,2,10,4,4,14,21,0,0,12,26,3,,
2024isde1,qm,2024isde1_qm37,37,R,Red3A,A,frc5951,True,46,0,0,0,0,1,5,7,7,2,2,10,4,4,14,21,0,0,12,26,3,,
2024isde1,qm,2024isde1_qm38,38,R,Red1S,S,frc9740,True,30,0,0,0,0,0,0,2,4,1,7,5,14,8,19,23,0,0,12,23,5,,
2024isde1,qm,2024isde1_qm38,38,R,Red2C,C,frc3083,True,30,0,0,0,0,0,0,2,4,1,7,5,14,8,19,23,0,0,12,23,5,,
2024isde1,qm,2024isde1_qm38,38,R,Red3A,A,frc1580,True,30,0,0,0,0,0,0,2,4,1,7,5,14,8,19,23,0,0,12,23,5,,
2024isde1,qm,2024isde1_qm39,39,R,Red1S,S,frc7067,False,64,0,0,0,0,4,20,26,2,2,9,10,18,11,28,30,0,0,17,50,6,,
2024isde1,qm,2024isde1_qm39,39,R,Red2C,C,frc1577,False,64,0,0,0,0,4,20,26,2,2,9,10,18,11,28,30,0,0,17,50,6,,
2024isde1,qm,2024isde1_qm39,39,R,Red3A,A,frc6738,False,64,0,0,0,0,4,20,26,2,2,9,10,18,11,28,30,0,0,17,50,6,,
2024isde1,qm,2024isde1_qm4,4,R,Red1S,S,frc3065,False,58,0,0,2,0,4,20,22,4,1,8,5,16,9,21,25,0,0,17,45,4,,
2024isde1,qm,2024isde1_qm4,4,R,Red2C,C,frc8175,False,58,0,0,2,0,4,20,22,4,1,8,5,16,9,21,25,0,0,17,45,4,,
2024isde1,qm,2024isde1_qm4,4,R,Red3A,A,frc6738,False,58,0,0,2,0,4,20,22,4,1,8,5,16,9,21,25,0,0,17,45,4,,
2024isde1,qm,2024isde1_qm40,40,R,Red1S,S,frc2630,True,42,1,0,5,0,1,5,9,4,1,12,5,24,13,29,33,0,0,18,38,0,,
2024isde1,qm,2024isde1_qm40,40,R,Red2C,C,frc3065,True,42,1,0,5,0,1,5,9,4,1,12,5,24,13,29,33,0,0,18,38,0,,
2024isde1,qm,2024isde1_qm40,40,R,Red3A,A,frc5715,True,42,1,0,5,0,1,5,9,4,1,12,5,24,13,29,33,0,0,18,38,0,,
2024isde1,qm,2024isde1_qm41,41,R,Red1S,S,frc4319,True,27,0,0,32,0,1,5,11,1,0,5,0,10,5,10,11,0,0,7,16,5,,
2024isde1,qm,2024isde1_qm41,41,R,Red2C,C,frc7177,True,27,0,0,32,0,1,5,11,1,0,5,0,10,5,10,11,0,0,7,16,5,,
2024isde1,qm,2024isde1_qm41,41,R,Red3A,A,frc1942,True,27,0,0,32,0,1,5,11,1,0,5,0,10,5,10,11,0,0,7,16,5,,
2024isde1,qm,2024isde1_qm42,42,R,Red1S,S,frc4320,False,64,1,0,0,0,3,15,19,5,3,9,15,18,12,33,38,0,0,20,53,5,,
2024isde1,qm,2024isde1_qm42,42,R,Red2C,C,frc5715,False,64,1,0,0,0,3,15,19,5,3,9,15,18,12,33,38,0,0,20,53,5,,
2024isde1,qm,2024isde1_qm42,42,R,Red3A,A,frc9740,False,64,1,0,0,0,3,15,19,5,3,9,15,18,12,33,38,0,0,20,53,5,,
2024isde1,qm,2024isde1_qm43,43,R,Red1S,S,frc1577,False,83,1,0,7,0,4,20,22,5,3,7,15,14,10,29,34,0,0,19,54,2,,
2024isde1,qm,2024isde1_qm43,43,R,Red2C,C,frc1942,False,83,1,0,7,0,4,20,22,5,3,7,15,14,10,29,34,0,0,19,54,2,,
2024isde1,qm,2024isde1_qm43,43,R,Red3A,A,frc2630,False,83,1,0,7,0,4,20,22,5,3,7,15,14,10,29,34,0,0,19,54,2,,
2024isde1,qm,2024isde1_qm44,44,R,Red1S,S,frc6738,False,51,0,0,0,0,4,20,24,1,0,10,0,20,10,20,21,0,0,15,41,1,,
2024isde1,qm,2024isde1_qm44,44,R,Red2C,C,frc3211,False,51,0,0,0,0,4,20,24,1,0,10,0,20,10,20,21,0,0,15,41,1,,
2024isde1,qm,2024isde1_qm44,44,R,Red3A,A,frc6230,False,51,0,0,0,0,4,20,24,1,0,10,0,20,10,20,21,0,0,15,41,1,,
2024isde1,qm,2024isde1_qm45,45,R,Red1S,S,frc3316,True,47,1,0,14,0,2,10,16,1,0,14,0,28,14,28,29,0,0,17,39,2,,
2024isde1,qm,2024isde1_qm45,45,R,Red2C,C,frc4319,True,47,1,0,14,0,2,10,16,1,0,14,0,28,14,28,29,0,0,17,39,2,,
2024isde1,qm,2024isde1_qm45,45,R,Red3A,A,frc3339,True,47,1,0,14,0,2,10,16,1,0,14,0,28,14,28,29,0,0,17,39,2,,
2024isde1,qm,2024isde1_qm46,46,R,Red1S,S,frc9738,True,63,0,0,0,0,3,15,19,4,0,7,0,14,7,14,18,0,0,14,33,6,,
2024isde1,qm,2024isde1_qm46,46,R,Red2C,C,frc4320,True,63,0,0,0,0,3,15,19,4,0,7,0,14,7,14,18,0,0,14,33,6,,
2024isde1,qm,2024isde1_qm46,46,R,Red3A,A,frc1574,True,63,0,0,0,0,3,15,19,4,0,7,0,14,7,14,18,0,0,14,33,6,,
2024isde1,qm,2024isde1_qm47,47,R,Red1S,S,frc3065,False,60,1,0,0,0,4,20,22,4,2,9,10,18,11,28,32,0,0,19,52,1,,
2024isde1,qm,2024isde1_qm47,47,R,Red2C,C,frc3083,False,60,1,0,0,0,4,20,22,4,2,9,10,18,11,28,32,0,0,19,52,1,,
2024isde1,qm,2024isde1_qm47,47,R,Red3A,A,frc5654,False,60,1,0,0,0,4,20,22,4,2,9,10,18,11,28,32,0,0,19,52,1,,
2024isde1,qm,2024isde1_qm48,48,R,Red1S,S,frc4338,False,49,0,0,5,0,3,15,17,0,0,12,0,24,12,24,24,0,0,15,39,3,,
2024isde1,qm,2024isde1_qm48,48,R,Red2C,C,frc8175,False,49,0,0,5,0,3,15,17,0,0,12,0,24,12,24,24,0,0,15,39,3,,
2024isde1,qm,2024isde1_qm48,48,R,Red3A,A,frc3339,False,49,0,0,5,0,3,15,17,0,0,12,0,24,12,24,24,0,0,15,39,3,,
2024isde1,qm,2024isde1_qm49,49,R,Red1S,S,frc4319,True,50,0,0,5,0,5,25,31,2,0,7,0,14,7,14,16,0,0,14,41,3,,
2024isde1,qm,2024isde1_qm49,49,R,Red2C,C,frc2630,True,50,0,0,5,0,5,25,31,2,0,7,0,14,7,14,16,0,0,14,41,3,,
2024isde1,qm,2024isde1_qm49,49,R,Red3A,A,frc3211,True,50,0,0,5,0,5,25,31,2,0,7,0,14,7,14,16,0,0,14,41,3,,
2024isde1,qm,2024isde1_qm5,5,R,Red1S,S,frc2679,True,40,1,0,5,0,0,0,4,4,0,12,0,24,12,24,28,0,0,16,28,3,,
2024isde1,qm,2024isde1_qm5,5,R,Red2C,C,frc3339,True,40,1,0,5,0,0,0,4,4,0,12,0,24,12,24,28,0,0,16,28,3,,
2024isde1,qm,2024isde1_qm5,5,R,Red3A,A,frc7067,True,40,1,0,5,0,0,0,4,4,0,12,0,24,12,24,28,0,0,16,28,3,,
2024isde1,qm,2024isde1_qm50,50,R,Red1S,S,frc1574,True,91,1,1,0,0,3,15,17,6,2,10,10,20,12,30,36,0,0,21,51,3,,
2024isde1,qm,2024isde1_qm50,50,R,Red2C,C,frc3316,True,91,1,1,0,0,3,15,17,6,2,10,10,20,12,30,36,0,0,21,51,3,,
2024isde1,qm,2024isde1_qm50,50,R,Red3A,A,frc6740,True,91,1,1,0,0,3,15,17,6,2,10,10,20,12,30,36,0,0,21,51,3,,
2024isde1,qm,2024isde1_qm51,51,R,Red1S,S,frc1580,True,11,0,0,0,0,0,0,2,1,0,2,0,4,2,4,5,0,0,3,5,2,,
2024isde1,qm,2024isde1_qm51,51,R,Red2C,C,frc2679,True,11,0,0,0,0,0,0,2,1,0,2,0,4,2,4,5,0,0,3,5,2,,
2024isde1,qm,2024isde1_qm51,51,R,Red3A,A,frc1576,True,11,0,0,0,0,0,0,2,1,0,2,0,4,2,4,5,0,0,3,5,2,,
2024isde1,qm,2024isde1_qm52,52,R,Red1S,S,frc5951,True,61,1,0,0,0,4,20,22,7,1,3,5,6,4,11,18,0,0,15,38,1,,
2024isde1,qm,2024isde1_qm52,52,R,Red2C,C,frc6230,True,61,1,0,0,0,4,20,22,7,1,3,5,6,4,11,18,0,0,15,38,1,,
2024isde1,qm,2024isde1_qm52,52,R,Red3A,A,frc4338,True,61,1,0,0,0,4,20,22,7,1,3,5,6,4,11,18,0,0,15,38,1,,
2024isde1,qm,2024isde1_qm53,53,R,Red1S,S,frc3065,True,59,1,0,5,0,2,10,16,6,3,10,15,20,13,35,41,0,0,21,51,2,,
2024isde1,qm,2024isde1_qm53,53,R,Red2C,C,frc5990,True,59,1,0,5,0,2,10,16,6,3,10,15,20,13,35,41,0,0,21,51,2,,
2024isde1,qm,2024isde1_qm53,53,R,Red3A,A,frc3211,True,59,1,0,5,0,2,10,16,6,3,10,15,20,13,35,41,0,0,21,51,2,,
2024isde1,qm,2024isde1_qm54,54,R,Red1S,S,frc7067,False,37,0,0,5,0,1,5,9,2,1,4,5,8,5,13,15,5,1,8,20,8,,
2024isde1,qm,2024isde1_qm54,54,R,Red2C,C,frc3316,False,37,0,0,5,0,1,5,9,2,1,4,5,8,5,13,15,5,1,8,20,8,,
2024isde1,qm,2024isde1_qm54,54,R,Red3A,A,frc8175,False,37,0,0,5,0,1,5,9,2,1,4,5,8,5,13,15,5,1,8,20,8,,
2024isde1,qm,2024isde1_qm55,55,R,Red1S,S,frc1942,False,98,1,1,5,0,5,25,29,6,7,7,35,14,14,49,55,5,1,25,80,12,,
2024isde1,qm,2024isde1_qm55,55,R,Red2C,C,frc1574,False,98,1,1,5,0,5,25,29,6,7,7,35,14,14,49,55,5,1,25,80,12,,
2024isde1,qm,2024isde1_qm55,55,R,Red3A,A,frc1690,False,98,1,1,5,0,5,25,29,6,7,7,35,14,14,49,55,5,1,25,80,12,,
2024isde1,qm,2024isde1_qm56,56,R,Red1S,S,frc9738,False,36,0,0,5,0,2,10,12,1,0,4,0,8,4,8,9,5,1,7,19,10,,
2024isde1,qm,2024isde1_qm56,56,R,Red2C,C,frc5654,False,36,0,0,5,0,2,10,12,1,0,4,0,8,4,8,9,5,1,7,19,10,,
2024isde1,qm,2024isde1_qm56,56,R,Red3A,A,frc2679,False,36,0,0,5,0,2,10,12,1,0,4,0,8,4,8,9,5,1,7,19,10,,
2024isde1,qm,2024isde1_qm57,57,R,Red1S,S,frc1577,False,66,1,0,2,0,2,10,14,10,5,3,25,6,8,31,41,0,0,20,51,1,,
2024isde1,qm,2024isde1_qm57,57,R,Red2C,C,frc6740,False,66,1,0,2,0,2,10,14,10,5,3,25,6,8,31,41,0,0,20,51,1,,
2024isde1,qm,2024isde1_qm57,57,R,Red3A,A,frc3083,False,66,1,0,2,0,2,10,14,10,5,3,25,6,8,31,41,0,0,20,51,1,,
2024isde1,qm,2024isde1_qm58,58,R,Red1S,S,frc9303,False,44,0,0,0,0,1,5,7,4,1,2,5,4,3,9,13,0,0,8,18,7,,
2024isde1,qm,2024isde1_qm58,58,R,Red2C,C,frc9738,False,44,0,0,0,0,1,5,7,4,1,2,5,4,3,9,13,0,0,8,18,7,,
2024isde1,qm,2024isde1_qm58,58,R,Red3A,A,frc7067,False,44,0,0,0,0,1,5,7,4,1,2,5,4,3,9,13,0,0,8,18,7,,
2024isde1,qm,2024isde1_qm59,59,R,Red1S,S,frc3211,False,40,0,0,5,0,2,10,12,0,0,13,0,26,13,26,26,0,0,15,36,2,,
2024isde1,qm,2024isde1_qm59,59,R,Red2C,C,frc5135,False,40,0,0,5,0,2,10,12,0,0,13,0,26,13,26,26,0,0,15,36,2,,
2024isde1,qm,2024isde1_qm59,59,R,Red3A,A,frc4338,False,40,0,0,5,0,2,10,12,0,0,13,0,26,13,26,26,0,0,15,36,2,,
2024isde1,qm,2024isde1_qm6,6,R,Red1S,S,frc5715,False,33,0,0,14,0,2,10,12,0,0,6,0,12,6,12,12,0,0,8,22,4,,
2024isde1,qm,2024isde1_qm6,6,R,Red2C,C,frc4338,False,33,0,0,14,0,2,10,12,0,0,6,0,12,6,12,12,0,0,8,22,4,,
2024isde1,qm,2024isde1_qm6,6,R,Red3A,A,frc7177,False,33,0,0,14,0,2,10,12,0,0,6,0,12,6,12,12,0,0,8,22,4,,
2024isde1,qm,2024isde1_qm60,60,R,Red1S,S,frc5990,True,23,0,0,12,0,0,0,4,5,2,1,10,2,3,12,17,0,0,8,17,2,,
2024isde1,qm,2024isde1_qm60,60,R,Red2C,C,frc3083,True,23,0,0,12,0,0,0,4,5,2,1,10,2,3,12,17,0,0,8,17,2,,
2024isde1,qm,2024isde1_qm60,60,R,Red3A,A,frc1576,True,23,0,0,12,0,0,0,4,5,2,1,10,2,3,12,17,0,0,8,17,2,,
2024isde1,qm,2024isde1_qm61,61,R,Red1S,S,frc5654,True,44,1,0,2,0,3,15,17,4,2,6,10,12,8,22,26,0,0,15,41,1,,
2024isde1,qm,2024isde1_qm61,61,R,Red2C,C,frc2630,True,44,1,0,2,0,3,15,17,4,2,6,10,12,8,22,26,0,0,15,41,1,,
2024isde1,qm,2024isde1_qm61,61,R,Red3A,A,frc1580,True,44,1,0,2,0,3,15,17,4,2,6,10,12,8,22,26,0,0,15,41,1,,
2024isde1,qm,2024isde1_qm62,62,R,Red1S,S,frc1690,True,95,1,1,10,0,5,25,29,7,6,4,30,8,10,38,45,0,0,22,70,11,,
2024isde1,qm,2024isde1_qm62,62,R,Red2C,C,frc1577,True,95,1,1,10,0,5,25,29,7,6,4,30,8,10,38,45,0,0,22,70,11,,
2024isde1,qm,2024isde1_qm62,62,R,Red3A,A,frc4320,True,95,1,1,10,0,5,25,29,7,6,4,30,8,10,38,45,0,0,22,70,11,,
2024isde1,qm,2024isde1_qm7,7,R,Red1S,S,frc8175,False,13,0,0,0,0,0,0,2,1,0,4,0,8,4,8,9,0,0,5,9,2,,
2024isde1,qm,2024isde1_qm7,7,R,Red2C,C,frc4319,False,13,0,0,0,0,0,0,2,1,0,4,0,8,4,8,9,0,0,5,9,2,,
2024isde1,qm,2024isde1_qm7,7,R,Red3A,A,frc2230,False,13,0,0,0,0,0,0,2,1,0,4,0,8,4,8,9,0,0,5,9,2,,
2024isde1,qm,2024isde1_qm8,8,R,Red1S,S,frc2630,False,36,0,0,20,0,2,10,12,1,0,9,0,18,9,18,19,0,0,12,29,5,,
2024isde1,qm,2024isde1_qm8,8,R,Red2C,C,frc7067,False,36,0,0,20,0,2,10,12,1,0,9,0,18,9,18,19,0,0,12,29,5,,
2024isde1,qm,2024isde1_qm8,8,R,Red3A,A,frc1576,False,36,0,0,20,0,2,10,12,1,0,9,0,18,9,18,19,0,0,12,29,5,,
2024isde1,qm,2024isde1_qm9,9,R,Red1S,S,frc6738,False,43,0,0,0,0,2,10,14,0,0,10,0,20,10,20,20,0,0,12,30,4,,
2024isde1,qm,2024isde1_qm9,9,R,Red2C,C,frc3316,False,43,0,0,0,0,2,10,14,0,0,10,0,20,10,20,20,0,0,12,30,4,,
2024isde1,qm,2024isde1_qm9,9,R,Red3A,A,frc9738,False,43,0,0,0,0,2,10,14,0,0,10,0,20,10,20,20,0,0,12,30,4,,
